feat1,feat2,correlation
volume_ma_ratio,volume_anomaly,0.9777185427393401
price_momentum_slope,sentiment,0.9673673419288041
high_low_range,atr_percent,0.9616187331292512
body_size,high_low_range,0.9598519040226805
atr_percent,garman_klass_vol,0.9489684249835344
body_size,atr_percent,0.9222877521297242
high_low_range,garman_klass_vol,0.885191117899536
high_low_range,lower_shadow,0.8538320327600968
realized_vol_30m,realized_vol_60m,0.8508828794414113
realized_vol_30m,atr_percent,0.8477772162899294
high_low_range,upper_shadow,0.8427007662866774
rsi,bb_position,0.8359185622460074
body_size,garman_klass_vol,0.8336093415315676
atr_percent,lower_shadow,0.8217747917559968
realized_vol_30m,garman_klass_vol,0.8141288491563308
rsi,stoch_d,0.8138713239275626
upper_shadow,atr_percent,0.8109857421148381
williams_r,bb_position,0.8096946715245571
